<beans xmlns="http://www.springframework.org/schema/beans"
	xmlns:xsi="http://www.w3.org/2001/XMLSchema-instance" xmlns:context="http://www.springframework.org/schema/context"
	xsi:schemaLocation="http://www.springframework.org/schema/beans
     http://www.springframework.org/schema/beans/spring-beans-4.0.xsd
     http://www.springframework.org/schema/context
     http://www.springframework.org/schema/context/spring-context-4.0.xsd">
     
     <context:component-scan base-package = "com.cg"/>
     
     <bean id = "service" class = "com.cg.service.SBU">
     	<property name = "sbuCode" value = "1001"></property>
     	<property name = "sbuName" value = "Dabba"></property>
     	<property name = "sbuHead" value = "Wala"></property>
     	<property name = "empList">
	     	<list>
	     		<ref bean = "emp1"></ref>
	     		<ref bean = "emp2"></ref>
	     	</list>
     	</property>
     </bean>
     
     <bean id = "emp1" class = "com.cg.service.Employee">
     	<property name = "employeeId" value = "10021"></property>
     	<property name = "employeeName" value = "Bongu"></property>
     	<property name = "salary" value = "10.0"></property>
     </bean>
     
     <bean id = "emp2" class = "com.cg.service.Employee">
     	<property name = "employeeId" value = "68461"></property>
     	<property name = "employeeName" value = "Boshanam"></property>
     	<property name = "salary" value = "5.0"></property>
     </bean>
     
</beans>